<?xml version="1.0"?>
<doc>
    <assembly>
        <name>Wyam.Hosting</name>
    </assembly>
    <members>
        <member name="T:Wyam.Hosting.Middleware.DefaultExtensionsOptions">
            <summary>
            Extenions to use when no extension is provided in the URL.
            </summary>
        </member>
        <member name="P:Wyam.Hosting.Middleware.DefaultExtensionsOptions.Extensions">
            <summary>
            Gets or sets the extensions.
            </summary>
            <value>
            The extensions.
            </value>
        </member>
        <member name="M:Wyam.Hosting.Middleware.DefaultExtensionsOptions.#ctor">
            <summary>
            Initializes a new instance of the <see cref="T:Wyam.Hosting.Middleware.DefaultExtensionsOptions"/> class.
            </summary>
        </member>
        <member name="T:Wyam.Hosting.Middleware.ScriptInjectionMiddleware">
            <summary>
            Injects one or more script references into an HTML document just before the closing body element.
            </summary>
        </member>
        <member name="M:Wyam.Hosting.Middleware.ScriptInjectionMiddleware.Invoke(Microsoft.AspNetCore.Http.HttpContext)">
            <inheritdoc />
        </member>
        <member name="T:Wyam.Hosting.Middleware.VirtualDirectoryMiddleware">
            <summary>
            Implements OWIN support for mapping virtual directories.
            </summary>
        </member>
        <member name="T:Wyam.Hosting.Server">
            <summary>
            An HTTP server that can serve static files from a specified directory on disk.
            </summary>
        </member>
        <member name="P:Wyam.Hosting.Server.VirtualDirectory">
            <summary>
            The virtual directory at which files are served (or null). This will always
            begin with a backslash and end without one.
            </summary>
        </member>
        <member name="M:Wyam.Hosting.Server.#ctor(System.String,System.Int32)">
            <summary>
            Creates the HTTP server.
            </summary>
            <param name="localPath">The local path to serve files from.</param>
            <param name="port">The port the server will serve HTTP requests on.</param>
        </member>
        <member name="M:Wyam.Hosting.Server.#ctor(System.String,System.Int32,System.Boolean,System.String,System.Boolean,Microsoft.Extensions.Logging.ILoggerProvider)">
            <summary>
            Creates the HTTP server.
            </summary>
            <param name="localPath">The local path to serve files from.</param>
            <param name="port">The port the server will serve HTTP requests on.</param>
            <param name="extensionless"><c>true</c> if the server should support extensionless URLs, <c>false</c> otherwise.</param>
            <param name="virtualDirectory">The virtual directory the server should respond to, or <c>null</c> to use the root URL.</param>
            <param name="liveReload">Enables support for LiveReload.</param>
            <param name="loggerProvider">The logger provider to use.</param>
        </member>
        <member name="M:Wyam.Hosting.Server.#ctor(System.String,System.Int32,System.Boolean,System.String,System.Boolean,System.Collections.Generic.IDictionary{System.String,System.String},Microsoft.Extensions.Logging.ILoggerProvider)">
            <summary>
            Creates the HTTP server.
            </summary>
            <param name="localPath">The local path to serve files from.</param>
            <param name="port">The port the server will serve HTTP requests on.</param>
            <param name="extensionless"><c>true</c> if the server should support extensionless URLs, <c>false</c> otherwise.</param>
            <param name="virtualDirectory">The virtual directory the server should respond to, or <c>null</c> to use the root URL.</param>
            <param name="liveReload">Enables support for LiveReload.</param>
            <param name="loggerProvider">The logger provider to use.</param>
            <param name="contentTypes">Additional content types the server should support.</param>
        </member>
        <member name="M:Wyam.Hosting.Server.Dispose">
            <inheritdoc />
        </member>
        <member name="M:Wyam.Hosting.Server.Start">
            <summary>
            Start listening.
            </summary>
        </member>
        <member name="M:Wyam.Hosting.Server.StartAsync(System.Threading.CancellationToken)">
            <inheritdoc />
        </member>
        <member name="M:Wyam.Hosting.Server.StopAsync(System.Threading.CancellationToken)">
            <inheritdoc />
        </member>
    </members>
</doc>
